Category,Tyres,Pit Stops,Best Lap Kph,Best Lap Time
LMGTE Am,M,5,208.7,03:55.0
HYPERCAR,M,19,230.7,03:32.6
HYPERCAR,M,16,234.7,03:29.0
HYPERCAR,M,20,233.8,03:29.8
LMP2,G,14,222.8,03:40.2
LMP2,G,21,223.9,03:39.0
LMGTE Am,M,25,210.3,03:53.2
LMGTE Am,M,1,211.0,03:52.5
LMGTE Am,M,2,208.9,03:54.8
HYPERCAR,M,19,234.7,03:29.0
LMGTE Am,M,2,208.9,03:54.8
LMP2,G,13,225.2,03:37.8
LMP2,G,2,218.8,03:44.2
LMGTE Am,M,2,205.5,03:58.7
LMGTE Am,M,5,208.7,03:55.0
LMGTE Am,M,3,211.0,03:52.5
HYPERCAR,M,18,234.7,03:29.0
LMP2,G,11,225.3,03:37.7
HYPERCAR,M,0,230.4,03:32.9
LMP2,G,10,225.7,03:37.3
LMP2,G,15,223.6,03:39.4
LMGTE Am,M,2,208.9,03:54.8
HYPERCAR,M,4,233.5,03:30.1
LMGTE Am,M,1,208.4,03:55.4
LMGTE Am,M,15,209.1,03:54.6
LMP2,G,3,223.9,03:39.1
HYPERCAR,M,6,234.6,03:29.1
HYPERCAR,M,0,234.0,03:29.7
LMP2,G,19,224.6,03:38.4
LMP2,G,18,223.2,03:39.8
LMGTE Am,M,8,210.5,03:53.1
LMGTE Am,M,3,211.0,03:52.5
LMGTE Am,M,6,210.5,03:53.1
LMGTE Am,M,10,211.2,03:52.2
LMGTE Am,M,2,212.0,03:51.4
LMGTE Am,M,7,211.2,03:52.2
LMGTE Am,M,14,208.7,03:55.1
LMP2,G,1,218.9,03:44.1
LMGTE Am,M,2,212.0,03:51.4
LMGTE Am,M,15,208.9,03:54.9
LMGTE Am,M,2,208.9,03:54.8
HYPERCAR,M,7,234.7,03:29.0
LMP2,G,32,225.6,03:37.4
LMGTE Am,M,18,210.5,03:53.1
HYPERCAR,M,3,233.7,03:29.9
LMGTE Am,M,4,211.0,03:52.5
HYPERCAR,M,1,233.7,03:29.9
HYPERCAR,M,16,234.0,03:29.7
LMP2,G,3,225.7,03:37.3
LMP2,G,20,225.0,03:38.0
LMGTE Am,M,13,211.9,03:51.4
LMP2,G,24,225.3,03:37.7
LMP2,G,9,226.7,03:36.4
LMGTE Am,M,6,210.7,03:52.8
HYPERCAR,M,14,234.7,03:29.0
LMP2,G,11,225.9,03:37.1
LMP2,G,4,223.1,03:39.9
LMP2,G,10,225.4,03:37.6
HYPERCAR,M,19,233.5,03:30.1
HYPERCAR,M,29,233.8,03:29.8
HYPERCAR,M,19,230.7,03:32.6
LMP2,G,9,224.4,03:38.6
LMGTE Am,M,19,211.0,03:52.5
HYPERCAR,M,6,233.7,03:29.9
HYPERCAR,M,27,236.5,03:27.4
HYPERCAR,M,28,234.1,03:29.6
HYPERCAR,M,22,235.0,03:28.8
LMGTE Am,M,2,212.0,03:51.4
LMGTE Am,M,0,211.3,03:52.1
LMGTE Am,M,17,211.7,03:51.7
LMGTE Am,M,8,211.3,03:52.1
HYPERCAR,M,6,233.5,03:30.1
HYPERCAR,M,13,235.5,03:28.3
LMGTE Am,M,14,209.0,03:54.7
HYPERCAR,M,13,234.7,03:29.0
LMGTE Am,M,0,208.9,03:54.8
LMP2,G,14,222.8,03:40.2
HYPERCAR,M,19,230.7,03:32.6
LMP2,G,11,224.4,03:38.6
LMP2,G,13,225.2,03:37.8
LMGTE Am,M,13,212.1,03:51.3
INNOVATIVE CAR,G,18,212.4,03:50.9
LMP2,G,21,225.6,03:37.4
LMP2,G,27,226.9,03:36.2
LMP2,G,6,225.3,03:37.7
LMP2,G,19,225.3,03:37.7
LMP2,G,26,226.7,03:36.4
HYPERCAR,M,7,233.6,03:30.0
LMGTE Am,M,2,212.0,03:51.4
HYPERCAR,M,25,235.1,03:28.7
LMGTE Am,M,16,209.2,03:54.5
HYPERCAR,M,10,233.0,03:30.6
LMP2,G,10,225.3,03:37.7
LMP2,G,16,225.7,03:37.3
LMGTE Am,M,20,210.5,03:53.1
HYPERCAR,M,16,233.0,03:30.6
LMP2,G,23,225.3,03:37.7
LMGTE Am,M,3,211.2,03:52.2
LMP2,G,2,218.8,03:44.2
LMGTE Am,M,4,210.5,03:53.1
HYPERCAR,M,12,230.4,03:32.9
LMP2,G,11,225.0,03:38.0
LMP2,G,1,223.5,03:39.4
LMP2,G,10,224.0,03:39.0
LMGTE Am,M,21,211.9,03:51.5
LMP2,G,27,226.7,03:36.4
HYPERCAR,M,8,235.5,03:28.3
LMGTE Am,M,24,211.9,03:51.5
LMP2,G,1,224.5,03:38.5
LMP2,G,21,225.2,03:37.8
LMP2,G,12,225.0,03:38.0
HYPERCAR,M,5,234.0,03:29.7
LMGTE Am,M,7,208.9,03:54.9
LMGTE Am,M,8,210.5,03:53.1
LMP2,G,8,225.9,03:37.1
HYPERCAR,M,16,235.5,03:28.3
LMGTE Am,M,8,210.7,03:52.8
LMP2,G,21,225.7,03:37.3
LMGTE Am,M,8,211.0,03:52.5
HYPERCAR,M,13,235.5,03:28.3
HYPERCAR,M,11,233.0,03:30.6
HYPERCAR,M,7,233.7,03:29.9
LMP2,G,35,226.0,03:37.1
HYPERCAR,M,7,233.5,03:30.1
LMP2,G,2,218.8,03:44.2
LMGTE Am,M,5,208.3,03:55.4
HYPERCAR,M,2,233.0,03:30.6
LMGTE Am,M,13,211.6,03:51.8
HYPERCAR,M,7,233.7,03:29.9
LMP2,G,18,223.2,03:39.8
LMP2,G,13,224.0,03:39.0
LMGTE Am,M,12,211.3,03:52.1
LMP2,G,28,225.3,03:37.7
LMGTE Am,M,2,207.7,03:56.2
LMP2,G,26,226.3,03:36.8
LMP2,G,11,225.7,03:37.3
LMP2,G,31,226.9,03:36.2
LMP2,G,3,224.6,03:38.4
LMGTE Am,M,14,208.7,03:55.1
LMP2,G,10,225.2,03:37.8
HYPERCAR,M,15,234.0,03:29.7
LMGTE Am,M,9,208.9,03:54.9
HYPERCAR,M,17,234.7,03:29.0
LMGTE Am,M,21,209.0,03:54.7
LMP2,G,2,218.8,03:44.2
LMGTE Am,M,3,211.0,03:52.5
LMP2,G,25,226.1,03:37.0
LMGTE Am,M,14,209.0,03:54.7
LMP2,G,30,226.3,03:36.7
HYPERCAR,M,0,233.7,03:29.9
LMP2,G,27,225.0,03:38.1
HYPERCAR,M,18,234.8,03:28.9
HYPERCAR,M,9,233.7,03:29.9
LMP2,G,17,226.7,03:36.4
LMGTE Am,M,4,211.2,03:52.2
LMGTE Am,M,18,209.0,03:54.7
HYPERCAR,M,0,234.6,03:29.1
HYPERCAR,M,0,233.5,03:30.1
HYPERCAR,M,30,235.3,03:28.4
HYPERCAR,M,24,235.1,03:28.7
LMP2,G,33,226.5,03:36.6
HYPERCAR,M,10,233.7,03:29.9
HYPERCAR,M,13,234.0,03:29.7
HYPERCAR,M,18,233.7,03:29.9
LMP2,G,23,225.0,03:38.0
INNOVATIVE CAR,G,9,212.2,03:51.2
LMGTE Am,M,13,211.6,03:51.8
LMP2,G,12,224.0,03:39.0
LMP2,G,12,225.2,03:37.8
LMGTE Am,M,16,209.2,03:54.5
HYPERCAR,M,3,233.4,03:30.2
LMGTE Am,M,14,208.7,03:55.1
LMP2,G,18,224.4,03:38.6
LMP2,G,20,224.4,03:38.6
LMGTE Am,M,8,211.2,03:52.2
LMP2,G,20,225.2,03:37.8
HYPERCAR,M,18,233.8,03:29.8
HYPERCAR,M,25,235.7,03:28.1
LMP2,G,23,225.0,03:38.1
LMP2,G,18,225.0,03:38.1
LMGTE Am,M,10,211.2,03:52.2
LMP2,G,7,224.3,03:38.7
LMP2,G,13,226.7,03:36.4
LMGTE Am,M,4,208.7,03:55.0
LMP2,G,23,225.6,03:37.4
LMGTE Am,M,25,211.9,03:51.4
LMP2,G,17,225.3,03:37.7
HYPERCAR,M,28,234.9,03:28.8
LMGTE Am,M,2,208.9,03:54.8
LMP2,G,31,225.2,03:37.8
LMGTE Am,M,2,208.9,03:54.8
HYPERCAR H,M,25,235.5,03:28.3
LMP2,G,4,225.0,03:38.1
HYPERCAR,M,12,233.7,03:29.9
LMP2,G,15,223.6,03:39.4
HYPERCAR,M,24,233.0,03:30.6
LMGTE Am,M,14,209.0,03:54.7
HYPERCAR,M,1,235.5,03:28.3
HYPERCAR,M,13,234.6,03:29.1
HYPERCAR,M,0,234.0,03:29.7
HYPERCAR,M,25,235.7,03:28.1
LMP2,G,13,224.0,03:39.0
INNOVATIVE CAR,G,24,212.8,03:50.5
INNOVATIVE CAR,G,20,212.6,03:50.7
HYPERCAR,M,0,233.6,03:30.0
HYPERCAR ,M,9,232.9,03:30.6
HYPERCAR,M,30,234.1,03:29.6
HYPERCAR,M,18,233.0,03:30.6
LMP2,G,12,225.3,03:37.7
HYPERCAR,M,7,233.7,03:29.9
LMP2,G,21,224.4,03:38.6
HYPERCAR,M,26,236.5,03:27.4
LMP2,G,5,225.7,03:37.3
LMGTE Am,M,16,210.7,03:52.8
LMGTE Am,M,16,212.1,03:51.3
LMGTE Am,M,8,210.5,03:53.1
INNOVATIVE CAR,G,4,211.3,03:52.1
HYPERCAR,M,18,234.0,03:29.7
LMGTE Am,M,8,210.5,03:53.1
HYPERCAR,M,6,233.6,03:30.0
HYPERCAR ,M,1,,
LMP2,G,16,225.0,03:38.0
HYPERCAR,M,31,235.8,03:28.0
LMGTE Am,M,21,212.9,03:50.4
LMP2,G,10,225.4,03:37.6
HYPERCAR,M,13,233.0,03:30.6
LMP2,G,17,223.6,03:39.3
LMGTE Am,M,12,208.9,03:54.8
INNOVATIVE CAR,G,6,211.3,03:52.1
LMGTE Am,M,2,208.9,03:54.8
LMGTE Am,M,4,212.1,03:51.3
LMGTE Am,M,2,205.5,03:58.7
HYPERCAR,M,10,234.0,03:29.7
LMP2,G,9,225.0,03:38.1
HYPERCAR,M,22,233.5,03:30.1
LMP2,G,12,223.6,03:39.3
HYPERCAR,M,17,233.5,03:30.1
LMP2,G,21,226.7,03:36.4
HYPERCAR,M,21,235.7,03:28.1
HYPERCAR,M,30,237.0,03:27.0
HYPERCAR,M,21,233.6,03:30.0
LMP2,G,19,225.2,03:37.8
LMGTE Am,M,11,209.0,03:54.7
LMP2,G,1,225.6,03:37.4
LMGTE Am,M,11,208.3,03:55.4
HYPERCAR,M,5,234.2,03:29.5
LMP2,G,19,225.6,03:37.4
LMGTE Am,M,13,210.7,03:52.8
HYPERCAR,M,7,233.7,03:29.9
HYPERCAR,M,23,234.3,03:29.3
LMP2,G,1,225.0,03:38.1
HYPERCAR,M,14,230.4,03:32.9
LMGTE Am,M,25,211.9,03:51.4
LMP2,G,2,218.8,03:44.2
HYPERCAR,M,19,233.5,03:30.1
LMP2,G,26,225.5,03:37.5
LMGTE Am,M,3,211.0,03:52.5
LMGTE Am,M,16,211.3,03:52.1
LMGTE Am,M,10,208.9,03:54.9
LMGTE Am,M,23,211.9,03:51.5
LMP2,G,3,223.9,03:39.1
LMGTE Am,M,17,210.0,03:53.6
HYPERCAR,M,10,233.6,03:30.0
LMGTE Am,M,2,205.5,03:58.7
LMP2,G,5,225.6,03:37.4
HYPERCAR,M,18,233.5,03:30.1
LMGTE Am,M,2,207.7,03:56.2
LMP2,G,11,226.7,03:36.4
HYPERCAR,M,21,233.7,03:29.9
LMGTE Am,M,14,208.7,03:55.1
LMP2,G,5,220.6,03:42.4
LMP2,G,24,225.7,03:37.3
LMP2,G,15,223.6,03:39.4
LMGTE Am,M,23,210.3,03:53.2
LMGTE Am,M,8,208.9,03:54.9
LMP2,G,11,223.7,03:39.3
LMP2,G,5,225.2,03:37.8
HYPERCAR,M,12,233.7,03:29.9
LMP2,G,18,223.6,03:39.3
LMGTE Am,M,10,211.9,03:51.4
LMP2,G,32,227.1,03:36.0
LMGTE Am,M,8,210.5,03:53.1
LMP2,G,2,214.0,03:49.2
LMP2,G,4,225.7,03:37.3
HYPERCAR,M,19,230.7,03:32.6
LMGTE Am,M,19,211.1,03:52.4
LMP2,G,4,225.9,03:37.1
LMGTE Am,M,18,210.7,03:52.8
LMP2,G,3,223.9,03:39.1
LMP2,G,30,225.5,03:37.5
LMGTE Am,M,11,211.0,03:52.5
HYPERCAR,M,8,233.5,03:30.1
LMP2,G,1,223.9,03:39.0
LMGTE Am,M,3,208.9,03:54.9
LMP2,G,10,219.9,03:43.1
HYPERCAR,M,7,233.7,03:29.9
LMGTE Am,M,1,211.9,03:51.4
LMGTE Am,M,22,211.3,03:52.1
HYPERCAR,M,22,235.7,03:28.1
HYPERCAR,M,11,233.5,03:30.1
LMGTE Am,M,2,204.1,04:00.3
LMGTE Am,M,8,208.9,03:54.9
HYPERCAR,M,25,234.3,03:29.4
HYPERCAR,M,21,235.5,03:28.3
LMP2,G,7,225.7,03:37.3
LMP2,G,17,224.6,03:38.4
LMGTE Am,M,21,211.0,03:52.5
HYPERCAR,M,19,233.6,03:30.0
INNOVATIVE CAR,G,1,211.3,03:52.1
LMGTE Am,M,3,211.0,03:52.5
HYPERCAR,M,9,234.7,03:29.0
HYPERCAR,M,6,233.7,03:29.9
LMP2,G,3,223.6,03:39.4
LMP2,G,4,225.4,03:37.6
LMP2,G,4,225.2,03:37.8
HYPERCAR ,M,27,235.5,03:28.3
LMP2,G,12,224.0,03:39.0
LMGTE Am,M,7,208.9,03:54.9
LMP2,G,4,220.6,03:42.4
LMGTE Am,M,20,211.0,03:52.5
LMGTE Am,M,4,210.5,03:53.1
LMGTE Am,M,13,211.6,03:51.8
LMP2,G,1,225.4,03:37.6
LMP2,G,10,225.4,03:37.6
HYPERCAR,M,19,234.8,03:28.9
LMGTE Am,M,2,207.7,03:56.2
LMP2,G,23,225.7,03:37.3
LMP2,G,2,218.8,03:44.2
LMP2,G,23,226.2,03:36.8
LMGTE Am,M,22,210.3,03:53.2
LMGTE Am,M,8,210.5,03:53.1
LMP2,G,24,225.0,03:38.1
LMP2,G,6,223.9,03:39.0
LMP2,G,2,225.3,03:37.7
LMGTE Am,M,9,211.2,03:52.2
HYPERCAR,M,9,234.0,03:29.7
HYPERCAR,M,0,233.4,03:30.2
LMP2,G,1,225.9,03:37.1
HYPERCAR,M,23,235.1,03:28.7
HYPERCAR,M,29,235.9,03:28.0
LMGTE Am,M,10,211.3,03:52.1
HYPERCAR,M,23,234.3,03:29.4
LMGTE Am,M,5,208.7,03:55.0
HYPERCAR,M,4,233.6,03:30.0
LMP2,G,10,225.4,03:37.6
HYPERCAR,M,1,233.4,03:30.2
LMGTE Am,M,14,208.7,03:55.1
LMP2,G,2,218.8,03:44.2
LMP2,G,31,225.7,03:37.3
HYPERCAR,M,7,233.7,03:29.9
HYPERCAR,M,7,230.4,03:32.9
HYPERCAR,M,27,235.3,03:28.4
LMP2,G,12,224.4,03:38.6
HYPERCAR,M,33,233.7,03:29.9
LMGTE Am,M,12,211.6,03:51.8
HYPERCAR,M,4,235.5,03:28.3
HYPERCAR,M,21,234.0,03:29.7
HYPERCAR,M,17,232.9,03:30.6
LMGTE Am,M,1,209.0,03:54.7
LMP2,G,3,224.3,03:38.7
LMGTE Am,M,2,205.5,03:58.7
LMP2,G,26,225.0,03:38.1
LMGTE Am,M,20,211.9,03:51.4
LMGTE Am,M,8,210.5,03:53.1
LMGTE Am,M,9,208.3,03:55.4
HYPERCAR,M,3,235.5,03:28.3
LMP2,G,6,219.9,03:43.1
LMP2,G,2,225.0,03:38.0
LMP2,G,21,225.0,03:38.1
LMGTE Am,M,2,205.5,03:58.7
LMP2,G,3,223.9,03:39.1
LMGTE Am,M,3,211.0,03:52.5
LMP2,G,19,226.7,03:36.4
LMGTE Am,M,15,212.1,03:51.3
HYPERCAR,M,10,233.6,03:30.0
LMGTE Am,M,22,212.9,03:50.4
LMGTE Am,M,2,208.9,03:54.8
LMP2,G,28,225.6,03:37.4
HYPERCAR,M,22,234.8,03:28.9
LMP2,G,5,225.2,03:37.8
HYPERCAR,M,11,234.7,03:29.0
HYPERCAR,M,18,230.7,03:32.6
LMGTE Am,M,14,211.9,03:51.4
LMGTE Am,M,1,212.1,03:51.3
LMGTE Am,M,14,212.1,03:51.3
HYPERCAR,M,4,234.0,03:29.7
LMP2,G,8,223.9,03:39.0
LMGTE Am,M,2,205.5,03:58.7
LMGTE Am,M,2,207.7,03:56.2
LMP2,G,16,225.7,03:37.3
LMP2,G,2,225.2,03:37.8
HYPERCAR,M,7,233.7,03:29.9
LMP2,G,5,226.7,03:36.4
HYPERCAR,M,16,233.5,03:30.1
LMP2,G,3,223.9,03:39.1
HYPERCAR,M,27,235.5,03:28.3
LMGTE Am,M,9,209.0,03:54.7
LMP2,G,10,225.4,03:37.6
LMGTE Am,M,2,205.5,03:58.7
LMGTE Am,M,8,209.0,03:54.7
LMP2,G,14,223.6,03:39.4
LMGTE Am,M,13,211.2,03:52.2
LMP2,G,1,226.7,03:36.4
LMP2,G,9,225.0,03:38.1
LMGTE Am,M,11,211.0,03:52.5
LMGTE Am,M,2,211.2,03:52.2
LMP2,G,10,225.4,03:37.6
HYPERCAR,M,19,230.7,03:32.6
LMP2,G,2,225.4,03:37.6
LMP2,G,27,226.7,03:36.4
LMP2,G,16,225.3,03:37.7
LMGTE Am,M,2,205.5,03:58.7
HYPERCAR,M,5,234.7,03:29.0
LMGTE Am,M,5,208.7,03:55.0
HYPERCAR,M,29,236.2,03:27.7
LMP2,G,1,225.2,03:37.8
LMP2,G,10,225.4,03:37.6
LMGTE Am,M,6,208.3,03:55.4
LMGTE Am,M,8,210.5,03:53.1
LMP2,G,19,225.0,03:38.1
HYPERCAR,M,10,233.6,03:30.0
LMP2,G,27,225.7,03:37.3
LMP2,G,11,225.0,03:38.1
LMGTE Am,M,20,210.3,03:53.2
LMGTE Am,M,15,210.7,03:52.8
HYPERCAR,M,17,234.0,03:29.7
LMP2,G,11,223.7,03:39.3
HYPERCAR,M,12,234.7,03:29.0
HYPERCAR,M,25,233.0,03:30.6
HYPERCAR,M,19,230.7,03:32.6
HYPERCAR,M,17,233.7,03:29.9
HYPERCAR,M,13,234.7,03:29.0
LMP2,G,14,225.2,03:37.8
HYPERCAR,M,0,233.6,03:30.0
HYPERCAR,M,25,235.9,03:28.0
HYPERCAR,M,10,233.6,03:30.0
HYPERCAR,M,4,233.5,03:30.1
LMP2,G,31,225.2,03:37.8
LMGTE Am,M,3,211.0,03:52.5
LMP2,G,10,225.9,03:37.1
LMGTE Am,M,10,212.1,03:51.3
LMP2,G,27,225.7,03:37.3
LMP2,G,19,224.4,03:38.6
HYPERCAR,M,27,234.6,03:29.1
HYPERCAR,M,8,234.0,03:29.7
LMGTE Am,M,16,211.9,03:51.4
HYPERCAR,M,10,233.6,03:30.0
LMP2,G,30,225.7,03:37.3
LMP2,G,18,223.2,03:39.8
LMP2,G,14,225.3,03:37.7
HYPERCAR,M,11,234.0,03:29.7
LMGTE Am,M,4,209.0,03:54.7
LMGTE Am,M,19,212.1,03:51.3
HYPERCAR,M,18,234.7,03:29.0
LMGTE Am,M,22,211.9,03:51.5
LMGTE Am,M,2,207.7,03:56.2
LMP2,G,5,224.3,03:38.7
LMP2,G,11,223.7,03:39.3
LMGTE Am,M,7,210.5,03:53.1
LMP2,G,4,224.6,03:38.4
LMP2,G,34,226.5,03:36.6
LMGTE Am,M,3,211.0,03:52.5
HYPERCAR,M,4,234.0,03:29.7
LMGTE Am,M,5,208.7,03:55.0
LMP2,G,14,226.7,03:36.4
LMP2,G,3,223.9,03:39.1
LMP2,G,13,225.7,03:37.3
LMP2,G,8,225.9,03:37.1
HYPERCAR,M,9,233.5,03:30.1
HYPERCAR,M,10,234.0,03:29.7
LMGTE Am,M,11,210.5,03:53.1
LMP2,G,16,224.0,03:39.0
LMP2,G,18,223.2,03:39.8
LMGTE Am,M,19,211.1,03:52.4
HYPERCAR,M,1,234.2,03:29.5
LMGTE Am,M,14,208.7,03:55.1
LMP2,G,29,225.8,03:37.2
LMP2,G,31,225.0,03:38.0
LMP2,G,16,225.6,03:37.4
LMGTE Am,M,19,211.3,03:52.1
HYPERCAR,M,6,235.5,03:28.3
LMP2,G,6,224.0,03:39.0
LMP2,G,4,225.0,03:38.0
LMGTE Am,M,12,208.9,03:54.9
LMP2,G,9,225.3,03:37.7
HYPERCAR,M,18,230.7,03:32.6
LMGTE Am,M,2,207.7,03:56.2
LMP2,G,11,223.7,03:39.3
LMP2,G,10,225.4,03:37.6
LMP2,G,13,225.6,03:37.4
LMP2,G,17,225.2,03:37.8
LMGTE Am,M,8,210.5,03:53.1
LMP2,G,33,226.0,03:37.1
LMP2,G,13,225.7,03:37.3
LMGTE Am,M,10,208.9,03:54.9
LMP2,G,1,223.9,03:39.1
LMGTE Am,M,2,208.9,03:54.8
LMP2,G,32,226.4,03:36.7
HYPERCAR,M,4,233.6,03:30.0
LMP2,G,23,225.0,03:38.1
HYPERCAR,M,14,234.7,03:29.0
LMGTE Am,M,12,208.6,03:55.1
HYPERCAR,M,31,236.3,03:27.5
LMGTE Am,M,15,211.3,03:52.1
LMGTE Am,M,10,211.0,03:52.5
LMGTE Am,M,4,211.3,03:52.1
LMP2,G,9,225.3,03:37.7
LMGTE Am,M,10,208.9,03:54.9
HYPERCAR,M,25,236.0,03:27.9
LMP2,G,6,225.0,03:38.0
LMGTE Am,M,8,210.5,03:53.1
LMGTE Am,M,19,210.0,03:53.6
LMP2,G,4,225.0,03:38.1
LMGTE Am,M,2,208.9,03:54.8
HYPERCAR,M,22,235.2,03:28.5
LMP2,G,1,223.5,03:39.5
HYPERCAR,M,25,235.7,03:28.1
HYPERCAR,M,5,234.6,03:29.1
LMP2,G,2,225.3,03:37.7
HYPERCAR,M,4,234.0,03:29.7
LMGTE Am,M,7,209.0,03:54.7
HYPERCAR,M,21,235.5,03:28.3
HYPERCAR,M,21,234.7,03:29.0
HYPERCAR,M,24,235.9,03:28.0
HYPERCAR,M,12,233.5,03:30.1
LMP2,G,4,225.0,03:38.0
LMP2,G,24,225.2,03:37.8
LMP2,G,13,225.3,03:37.7
HYPERCAR,M,4,233.5,03:30.1
LMGTE Am,M,20,210.2,03:53.3
HYPERCAR,M,12,233.5,03:30.1
HYPERCAR,M,22,233.6,03:29.9
LMP2,G,12,225.3,03:37.7
INNOVATIVE CAR,G,19,212.6,03:50.7
LMGTE Am,M,15,211.7,03:51.7
HYPERCAR,M,28,235.5,03:28.3
INNOVATIVE CAR,G,0,211.3,03:52.1
LMP2,G,7,225.3,03:37.7
LMP2,G,30,226.7,03:36.4
LMP2,G,4,225.7,03:37.3
LMP2,G,14,223.6,03:39.4
LMP2,G,7,225.0,03:38.1
LMGTE Am,M,1,211.2,03:52.2
LMP2,G,20,225.3,03:37.7
LMP2,G,18,223.2,03:39.8
LMGTE Am,M,1,204.4,04:00.0
HYPERCAR,M,16,233.5,03:30.1
LMP2,G,28,225.7,03:37.3
LMGTE Am,M,8,208.3,03:55.4
LMP2,G,18,225.2,03:37.8
LMP2,G,5,225.6,03:37.4
LMGTE Am,M,3,211.9,03:51.4
LMP2,G,22,226.7,03:36.4
HYPERCAR,M,30,234.9,03:28.8
LMP2,G,20,225.6,03:37.4
LMP2,G,31,226.0,03:37.1
HYPERCAR,M,28,235.9,03:28.0
LMP2,G,5,223.1,03:39.9
HYPERCAR,M,10,233.5,03:30.1
LMP2,G,3,225.6,03:37.4
LMP2,G,13,225.0,03:38.1
LMGTE Am,M,18,211.0,03:52.5
LMGTE Am,M,11,212.1,03:51.3
LMP2,G,24,226.7,03:36.4
HYPERCAR,M,6,233.0,03:30.6
LMGTE Am,M,2,207.7,03:56.2
LMP2,G,26,225.2,03:37.8
LMP2,G,5,224.0,03:39.0
HYPERCAR,M,3,233.1,03:30.4
LMP2,G,20,224.4,03:38.6
LMGTE Am,M,4,204.1,04:00.3
HYPERCAR,M,0,233.5,03:30.1
HYPERCAR,M,2,233.5,03:30.1
LMP2,G,29,225.7,03:37.3
HYPERCAR,M,11,233.6,03:30.0
LMP2,G,6,224.6,03:38.4
LMP2,G,4,226.7,03:36.4
LMGTE Am,M,4,208.7,03:55.0
LMGTE Am,M,2,207.7,03:56.2
LMGTE Am,M,3,211.0,03:52.5
LMP2,G,11,225.0,03:38.1
HYPERCAR,M,3,231.7,03:31.7
LMP2,G,6,225.0,03:38.1
LMGTE Am,M,17,209.0,03:54.7
LMGTE Am,M,17,210.5,03:53.1
LMP2,G,12,225.9,03:37.1
HYPERCAR,M,10,233.7,03:29.9
LMP2,G,16,225.7,03:37.3
LMGTE Am,M,2,212.0,03:51.4
LMP2,G,26,225.7,03:37.3
HYPERCAR,M,6,234.2,03:29.5
LMGTE Am,M,23,211.9,03:51.4
LMP2,G,13,225.0,03:38.1
LMGTE Am,M,14,208.7,03:55.1
HYPERCAR,M,13,234.0,03:29.7
LMGTE Am,M,4,208.6,03:55.1
LMGTE Am,M,2,205.5,03:58.7
HYPERCAR,M,2,233.6,03:30.0
LMGTE Am,M,23,212.9,03:50.4
HYPERCAR,M,11,233.5,03:30.1
HYPERCAR,M,3,234.2,03:29.5
LMP2,G,27,226.0,03:37.1
HYPERCAR,M,9,235.5,03:28.3
LMGTE Am,M,5,208.7,03:55.0
LMP2,G,5,225.0,03:38.1
LMGTE Am,M,16,211.0,03:52.5
INNOVATIVE CAR,G,23,212.6,03:50.7
LMP2,G,32,226.3,03:36.7
LMGTE Am,M,0,212.0,03:51.4
LMGTE Am,M,8,210.5,03:53.1
HYPERCAR,M,10,233.6,03:30.0
HYPERCAR,M,27,235.3,03:28.4
HYPERCAR,M,25,235.5,03:28.3
LMP2,G,2,218.8,03:44.2
HYPERCAR,M,6,234.0,03:29.7
LMP2,G,5,225.0,03:38.0
HYPERCAR,M,11,235.5,03:28.3
LMP2,G,5,225.3,03:37.7
LMP2,G,14,223.6,03:39.3
LMGTE Am,M,18,210.0,03:53.6
LMP2,G,23,226.1,03:37.0
LMP2,G,16,223.9,03:39.0
HYPERCAR,M,8,234.6,03:29.1
LMP2,G,18,223.2,03:39.8
LMP2,G,8,225.0,03:38.0
LMGTE Am,M,7,210.7,03:52.8
LMGTE Am,M,8,210.5,03:53.1
LMP2,G,11,223.7,03:39.3
HYPERCAR,M,14,234.7,03:29.0
LMP2,G,8,224.0,03:39.0
LMGTE Am,M,23,211.3,03:52.1
LMP2,G,12,225.2,03:37.8
LMGTE Am,M,5,208.7,03:55.0
LMP2,G,25,225.0,03:38.0
LMP2,G,15,223.6,03:39.4
HYPERCAR,M,7,234.0,03:29.7
LMP2,G,8,225.2,03:37.8
LMGTE Am,M,6,211.3,03:52.1
LMGTE Am,M,24,212.9,03:50.4
LMP2,G,24,225.6,03:37.4
HYPERCAR,M,11,233.5,03:30.1
LMGTE Am,M,4,210.7,03:52.8
LMP2,G,5,223.6,03:39.4
HYPERCAR,M,13,233.5,03:30.1
LMP2,G,14,224.4,03:38.6
LMGTE Am,M,14,211.3,03:52.1
HYPERCAR ,M,5,233.5,03:30.1
HYPERCAR,M,7,233.0,03:30.6
LMP2,G,29,226.9,03:36.2
LMP2,G,16,225.7,03:37.3
LMGTE Am,M,14,209.0,03:54.7
HYPERCAR,M,24,235.5,03:28.3
HYPERCAR,M,26,233.5,03:30.1
LMP2,G,14,226.7,03:36.4
HYPERCAR,M,29,235.9,03:28.0
LMGTE Am,M,2,207.7,03:56.2
LMGTE Am,M,2,212.0,03:51.4
LMP2,G,10,223.9,03:39.0
LMGTE Am,M,2,207.7,03:56.2
LMGTE Am,M,14,209.2,03:54.5
LMP2,G,15,223.6,03:39.4
HYPERCAR,M,10,233.6,03:30.0
LMGTE Am,M,14,211.0,03:52.5
LMP2,G,10,223.7,03:39.3
LMP2,G,15,223.9,03:39.0
LMGTE Am,M,9,211.3,03:52.1
LMP2,G,21,226.2,03:36.8
LMP2,G,6,223.9,03:39.0
LMP2,G,16,225.7,03:37.3
LMP2,G,11,223.6,03:39.3
LMGTE Am,M,5,208.7,03:55.0
LMP2,G,16,225.0,03:38.1
LMP2,G,16,224.6,03:38.4
HYPERCAR,M,22,235.5,03:28.3
LMGTE Am,M,2,205.5,03:58.7
LMGTE Am,M,19,210.1,03:53.4
LMGTE Am,M,16,209.8,03:53.8
HYPERCAR,M,28,235.9,03:28.0
LMGTE Am,M,2,209.8,03:53.8
LMGTE Am,M,13,212.1,03:51.3
LMGTE Am,M,20,210.5,03:53.1
LMP2,G,26,226.1,03:37.0
LMP2,G,21,225.0,03:38.0
LMGTE Am,M,8,210.5,03:53.1
LMP2,G,15,223.6,03:39.4
LMP2,G,1,225.3,03:37.7
HYPERCAR,M,3,233.7,03:29.9
HYPERCAR,M,6,230.4,03:32.9
LMP2,G,17,225.0,03:38.0
HYPERCAR,M,17,233.5,03:30.1
HYPERCAR,M,21,235.2,03:28.6
HYPERCAR,M,2,233.8,03:29.8
HYPERCAR,M,3,231.7,03:31.7
LMGTE Am,M,2,209.0,03:54.7
LMP2,G,18,223.2,03:39.8
LMP2,G,26,225.7,03:37.3
LMP2,G,26,225.0,03:38.0
HYPERCAR,M,15,232.9,03:30.6
HYPERCAR,M,19,233.0,03:30.6
HYPERCAR,M,18,235.5,03:28.3
LMP2,G,13,223.6,03:39.4
LMGTE Am,M,10,211.3,03:52.1
LMGTE Am,M,23,212.6,03:50.8
LMGTE Am,M,7,210.5,03:53.1
LMGTE Am,M,11,209.0,03:54.7
LMP2,G,24,224.0,03:39.0
LMP2,G,23,226.7,03:36.4
LMP2,G,30,225.8,03:37.2
LMGTE Am,M,13,209.0,03:54.7
LMP2,G,28,225.0,03:38.1
LMP2,G,15,225.0,03:38.1
LMGTE Am,M,19,210.3,03:53.2
LMGTE Am,M,2,207.7,03:56.2
HYPERCAR,M,7,233.7,03:29.9
LMP2,G,30,227.1,03:36.0
HYPERCAR ,M,12,232.9,03:30.6
LMP2,G,11,223.7,03:39.3
LMP2,G,25,224.6,03:38.4
HYPERCAR,M,19,234.7,03:29.0
LMP2,G,2,218.8,03:44.2
LMGTE Am,M,7,211.0,03:52.5
LMGTE Am,M,20,210.5,03:53.1
LMP2,G,2,225.7,03:37.3
LMP2,G,10,225.3,03:37.7
LMP2,G,12,225.6,03:37.4
LMGTE Am,M,13,211.6,03:51.8
LMGTE Am,M,2,205.5,03:58.7
HYPERCAR,M,7,233.7,03:29.9
LMP2,G,5,220.6,03:42.4
HYPERCAR,M,19,230.7,03:32.6
LMP2,G,0,214.0,03:49.2
HYPERCAR,M,4,233.0,03:30.6
LMP2,G,18,225.9,03:37.1
LMP2,G,8,225.7,03:37.3
HYPERCAR,M,23,235.7,03:28.1
LMGTE Am,M,10,208.6,03:55.1
LMP2,G,14,223.6,03:39.3
LMP2,G,3,223.9,03:39.1
LMGTE Am,M,2,207.7,03:56.2
LMGTE Am,M,2,205.5,03:58.7
LMP2,G,10,223.6,03:39.3
LMGTE Am,M,4,208.6,03:55.1
LMP2,G,10,225.4,03:37.6
LMP2,G,23,224.4,03:38.6
LMP2,G,19,225.0,03:38.1
LMP2,G,3,219.9,03:43.1
LMGTE Am,M,12,208.6,03:55.1
HYPERCAR,M,32,233.8,03:29.8
LMP2,G,30,225.0,03:38.0
LMP2,G,1,225.0,03:38.0
LMP2,G,1,223.1,03:39.9
LMGTE Am,M,2,205.5,03:58.7
HYPERCAR,M,19,230.7,03:32.6
LMGTE Am,M,2,211.3,03:52.1
INNOVATIVE CAR,G,15,212.4,03:50.9
LMGTE Am,M,0,211.9,03:51.4
LMP2,G,7,225.4,03:37.6
LMGTE Am,M,2,212.0,03:51.4
HYPERCAR,M,14,234.7,03:29.0
HYPERCAR,M,12,233.5,03:30.1
LMP2,G,32,225.8,03:37.2
LMP2,G,16,223.9,03:39.0
LMGTE Am,M,21,211.0,03:52.5
LMGTE Am,M,15,211.9,03:51.4
LMGTE Am,M,2,207.7,03:56.2
HYPERCAR,M,25,235.5,03:28.3
LMGTE Am,M,8,208.6,03:55.1
LMGTE Am,M,2,208.9,03:54.8
LMP2,G,27,225.2,03:37.8
LMGTE Am,M,13,211.6,03:51.8
LMGTE Am,M,20,209.0,03:54.7
HYPERCAR,M,16,234.7,03:29.0
LMGTE Am,M,2,212.0,03:51.4
HYPERCAR,M,16,234.6,03:29.1
HYPERCAR,M,29,236.5,03:27.4
LMP2,G,32,226.0,03:37.1
LMP2,G,19,223.6,03:39.3
LMP2,G,7,226.7,03:36.4
LMGTE Am,M,6,207.5,03:56.4
LMP2,G,14,225.2,03:37.8
